{"Indexer": 1745626726.3110924, "Node1": 1745626726.200086, "Node4": 1745626726.1040525, "Node3": 1745626725.2360523, "Node2": 1745626724.1100526}