{"Indexer": 1745107604.5438886, "Node3": 1745107604.314092, "Node4": 1745107604.2208798, "Node1": 1745107604.4287534, "Node2": 1745107604.2981043}