{"Node1": 1745356047.2746093, "Indexer": 1745356041.1909454, "Node2": 1745356047.0937123, "Node4": 1745356047.1040542, "Node3": 1745356046.9306474}